{
  "backend": "openai",
  "model": "text-embedding-3-small",
  "build_time": 4.720348834991455,
  "embedding_time": null,
  "evaluation": {
    "1": {
      "precision": 1.0,
      "recall": 0.09156537176274018,
      "mrr": 1.0,
      "ndcg": 1.0
    },
    "5": {
      "precision": 0.93,
      "recall": 0.38936194653299905,
      "mrr": 1.0,
      "ndcg": 0.9977914796615878
    },
    "10": {
      "precision": 0.8450000000000001,
      "recall": 0.6207007101086048,
      "mrr": 1.0,
      "ndcg": 0.9927565418920337
    },
    "20": {
      "precision": 0.755,
      "recall": 1.0,
      "mrr": 1.0,
      "ndcg": 0.9836974747184006
    }
  }
}