{
  "1": {
    "precision": 0.65,
    "recall": 0.13666666666666671,
    "mrr": 0.65,
    "ndcg": 0.65
  },
  "5": {
    "precision": 0.4,
    "recall": 0.4533333333333333,
    "mrr": 0.6849999999999999,
    "ndcg": 0.702363672404521
  },
  "10": {
    "precision": 0.275,
    "recall": 0.6033333333333333,
    "mrr": 0.6988888888888888,
    "ndcg": 0.7260339456268136
  },
  "20": {
    "precision": 0.17250000000000001,
    "recall": 0.7433333333333334,
    "mrr": 0.6988888888888888,
    "ndcg": 0.6919049009499967
  }
}