{
  "20": {
    "precision": 0.37,
    "recall": 0.5787259816207184,
    "mrr": 0.8458333333333332,
    "ndcg": 0.820531998154028
  }
}