{
  "1": {
    "precision": 0.6666666666666666,
    "recall": 0.5,
    "mrr": 0.6666666666666666,
    "ndcg": 0.6666666666666666
  },
  "5": {
    "precision": 0.13333333333333333,
    "recall": 0.5,
    "mrr": 0.6666666666666666,
    "ndcg": 0.6666666666666666
  },
  "10": {
    "precision": 0.13333333333333333,
    "recall": 1.0,
    "mrr": 0.7083333333333334,
    "ndcg": 0.7073461577228194
  },
  "20": {
    "precision": 0.06666666666666667,
    "recall": 1.0,
    "mrr": 0.7083333333333334,
    "ndcg": 0.7073461577228194
  }
}