{
  "backend": "sentence-transformers",
  "model": "all-MiniLM-L6-v2",
  "build_time": 4.134957790374756,
  "embedding_time": null,
  "evaluation": {
    "1": {
      "precision": 0.8,
      "recall": 0.08023078529657476,
      "mrr": 0.8,
      "ndcg": 0.8
    },
    "5": {
      "precision": 0.47000000000000003,
      "recall": 0.1940434419381788,
      "mrr": 0.8724999999999999,
      "ndcg": 0.8815049966520055
    },
    "10": {
      "precision": 0.41500000000000004,
      "recall": 0.3119037176274019,
      "mrr": 0.8724999999999999,
      "ndcg": 0.830429740848335
    },
    "20": {
      "precision": 0.2875,
      "recall": 0.4020258980785297,
      "mrr": 0.8724999999999999,
      "ndcg": 0.8093405590635687
    }
  }
}