{
  "backend": "sentence-transformers",
  "model": "all-mpnet-base-v2",
  "build_time": 3.8726348876953125,
  "embedding_time": null,
  "evaluation": {
    "1": {
      "precision": 0.75,
      "recall": 0.06295426065162907,
      "mrr": 0.75,
      "ndcg": 0.75
    },
    "5": {
      "precision": 0.58,
      "recall": 0.2359910192147034,
      "mrr": 0.8458333333333332,
      "ndcg": 0.8644844611938314
    },
    "10": {
      "precision": 0.47000000000000003,
      "recall": 0.37292606516290727,
      "mrr": 0.8458333333333332,
      "ndcg": 0.8571737846305609
    },
    "20": {
      "precision": 0.37,
      "recall": 0.5787259816207184,
      "mrr": 0.8458333333333332,
      "ndcg": 0.820531998154028
    }
  }
}